<?xml version="1.0" encoding="UTF-8"?>
<project-private xmlns="http://www.netbeans.org/ns/project-private/1">
    <editor-bookmarks xmlns="http://www.netbeans.org/ns/editor-bookmarks/2" lastBookmarkId="0"/>
    <open-files xmlns="http://www.netbeans.org/ns/projectui-open-files/2">
        <group>
            <file>file:/C:/Users/USER/Downloads/MecaRepvf3/MecaRep/src/mecarep/Views/Telefonos/TelefonosView.java</file>
            <file>file:/C:/Users/USER/Downloads/MecaRepvf3/MecaRep/src/mecarep/Views/Empleado/EmpleadoView.java</file>
            <file>file:/C:/Users/USER/Downloads/MecaRepvf3/MecaRep/src/mecarep/Views/Telefonos/CreateTelefono.java</file>
            <file>file:/C:/Users/USER/Downloads/MecaRepvf3/MecaRep/src/mecarep/Controlers/ControladorTelefonoEmpleado.java</file>
            <file>file:/C:/Users/USER/Downloads/MecaRepvf3/MecaRep/src/mecarep/Controlers/ControladorEmpleado.java</file>
        </group>
    </open-files>
</project-private>
